fabric,vrf,displayName,networkId,networkTemplate,networkExtensionTemplate,networkName,secondaryGW3,suppressArp,secondaryGW2,secondaryGW1,loopbackId,enableL3OnBorder,enableIR,rtBothAuto,isLayer2Only,vrfDhcp3,vrfDhcp2,dhcpServerAddr3,gatewayIpV6Address,dhcpServerAddr2,dhcpServerAddr1,tag,nveId,vrfDhcp,secondaryGW4,vlanId,gatewayIpAddress,vlanName,mtu,intfDescription,mcastGroup,trmEnabled
SoAZ-PHX,NA,dt-pwrvpn-FW-CONN,30026,Default_Network_Universal,Default_Network_Extension_Universal,dt-pwrvpn-FW-CONN,,false,,,,false,false,false,true,,,,,,,12345,1,,,1647,,,,,239.1.1.1,false
SoAZ-PHX,NA,DMZ-WEB2,30118,Default_Network_Universal,Default_Network_Extension_Universal,DMZ-WEB2,,false,,,,false,false,false,true,,,,,,,12345,1,,,505,,,,,239.1.1.2,false
SoAZ-PHX,NA,ADE-Prod-Pool-VLAN44,30744,Default_Network_Universal,Default_Network_Extension_Universal,ADE-Prod-Pool-VLAN44,,false,,,,false,false,true,true,,,,,,,12345,1,,,744,,ADE-Prod-Pool-VLAN44,,,239.1.1.0,false
SoAZ-PHX,NA,HRIS-PRD-AUTH,30033,Default_Network_Universal,Default_Network_Extension_Universal,HRIS-PRD-AUTH,,false,,,,false,false,false,true,,,,,,,12345,1,,,302,,,,,239.1.1.0,false
SoAZ-PHX,NA,BACK-END-AGENCY-MGMT-1518,30070,Default_Network_Universal,Default_Network_Extension_Universal,BACK-END-AGENCY-MGMT-1518,,false,,,,false,false,false,true,,,,,,,12345,1,,,1518,,,,,239.1.1.5,false
SoAZ-PHX,NA,BACK-END-AGENCY-MGMT-1517,30069,Default_Network_Universal,Default_Network_Extension_Universal,BACK-END-AGENCY-MGMT-1517,,false,,,,false,false,false,true,,,,,,,12345,1,,,1517,,,,,239.1.1.6,false
SoAZ-PHX,NA,ROC-az-data,30144,Default_Network_Universal,Default_Network_Extension_Universal,ROC-az-data,,false,,,,false,false,false,true,,,,,,,12345,1,,,900,,,,,239.1.1.7,false
SoAZ-PHX,NA,DOT-dt-data,30142,Default_Network_Universal,Default_Network_Extension_Universal,DOT-dt-data,,false,,,,false,false,false,true,,,,,,,12345,1,,,2011,,,,,239.1.1.8,false
SoAZ-PHX,NA,HRIS-DEV-AUTH,30036,Default_Network_Universal,Default_Network_Extension_Universal,HRIS-DEV-AUTH,,false,,,,false,false,false,true,,,,,,,12345,1,,,305,,,,,239.1.1.0,false
SoAZ-PHX,NA,BACK-END-AGENCY-MGMT-1519,30071,Default_Network_Universal,Default_Network_Extension_Universal,BACK-END-AGENCY-MGMT-1519,,false,,,,false,false,false,true,,,,,,,12345,1,,,1519,,,,,239.1.1.10,false
SoAZ-PHX,NA,ADOT-SDX-Network-Primary,30010,Default_Network_Universal,Default_Network_Extension_Universal,ADOT-SDX-Network-Primary,,false,,,,false,false,false,true,,,,,,,12345,1,,,298,,,,,239.1.1.0,false
SoAZ-PHX,NA,BACK-END-AGENCY-MGMT-1512,30064,Default_Network_Universal,Default_Network_Extension_Universal,BACK-END-AGENCY-MGMT-1512,,false,,,,false,false,false,true,,,,,,,12345,1,,,1512,,,,,239.1.1.12,false
SoAZ-PHX,NA,500,30113,Default_Network_Universal,Default_Network_Extension_Universal,500,,false,,,,false,false,false,true,,,,,,,12345,1,,,500,,,,,239.1.1.13,false
SoAZ-PHX,NA,BACK-END-AGENCY-MGMT-1511,30063,Default_Network_Universal,Default_Network_Extension_Universal,BACK-END-AGENCY-MGMT-1511,,false,,,,false,false,false,true,,,,,,,12345,1,,,1511,,,,,239.1.1.14,false
SoAZ-PHX,NA,BACK-END-AGENCY-MGMT-1514,30066,Default_Network_Universal,Default_Network_Extension_Universal,BACK-END-AGENCY-MGMT-1514,,false,,,,false,false,false,true,,,,,,,12345,1,,,1514,,,,,239.1.1.15,false
SoAZ-PHX,NA,BACK-END-AGENCY-MGMT-1513,30065,Default_Network_Universal,Default_Network_Extension_Universal,BACK-END-AGENCY-MGMT-1513,,false,,,,false,false,false,true,,,,,,,12345,1,,,1513,,,,,239.1.1.16,false
SoAZ-PHX,NA,ADOT-dt-aws-FW-CONN-Old-169,30022,Default_Network_Universal,Default_Network_Extension_Universal,ADOT-dt-aws-FW-CONN-Old-169,,false,,,,false,false,false,true,,,,,,,12345,1,,,1643,,,,,239.1.1.0,false
SoAZ-PHX,NA,BACK-END-AGENCY-MGMT-1516,30068,Default_Network_Universal,Default_Network_Extension_Universal,BACK-END-AGENCY-MGMT-1516,,false,,,,false,false,false,true,,,,,,,12345,1,,,1516,,,,,239.1.1.18,false
SoAZ-PHX,NA,BACK-END-AGENCY-MGMT-1515,30067,Default_Network_Universal,Default_Network_Extension_Universal,BACK-END-AGENCY-MGMT-1515,,false,,,,false,false,false,true,,,,,,,12345,1,,,1515,,,,,239.1.1.19,false
SoAZ-PHX,NA,DMZ-AZ3D-WEB,30125,Default_Network_Universal,Default_Network_Extension_Universal,DMZ-AZ3D-WEB,,false,,,,false,false,false,true,,,,,,,12345,1,,,515,,,,,239.1.1.20,false
SoAZ-PHX,dc-ftgdmz,tr-data-w-FW-CONN,30149,Default_Network_Universal,Default_Network_Extension_Universal,tr-data-w-FW-CON,,false,,,,false,false,false,false,,,,,,,12345,1,,,2119,,,,,239.1.1.21,false
SoAZ-PHX,NA,BACK-END-Zadara-MGMT-1520,30072,Default_Network_Universal,Default_Network_Extension_Universal,BACK-END-Zadara-MGMT-1520,,false,,,,false,false,false,true,,,,,,,12345,1,,,1520,,,,,239.1.1.22,false
SoAZ-PHX,NA,ADOT-Dev-Net-Services,30015,Default_Network_Universal,Default_Network_Extension_Universal,ADOT-Dev-Net-Services,,false,,,,false,false,false,true,,,,,,,12345,1,,,403,,,,,239.1.1.0,false
SoAZ-PHX,NA,ADOT-dt-badge-FW-CONN,30092,Default_Network_Universal,Default_Network_Extension_Universal,ADOT-dt-badge-FW-CONN,,false,,,,false,false,false,true,,,,,,,12345,1,,,152,,,,,239.1.1.24,false
SoAZ-PHX,NA,Land-ld-data-FW-CONN,30109,Default_Network_Universal,Default_Network_Extension_Universal,Land-ld-data-FW-CONN,,false,,,,false,false,false,true,,,,,,,12345,1,,,2084,,,,,239.1.1.25,false
SoAZ-PHX,NA,DMZ-CHARTER-SCHOOLS,30128,Default_Network_Universal,Default_Network_Extension_Universal,DMZ-CHARTER-SCHOOLS,,false,,,,false,false,false,true,,,,,,,12345,1,,,518,,,,,239.1.1.26,false
SoAZ-PHX,NA,ic-vmotion-1688,30050,Default_Network_Universal,Default_Network_Extension_Universal,ic-vmotion-1688,,false,,,,false,false,false,true,,,,,,,12345,1,,,1688,,,,,239.1.1.0,false
SoAZ-PHX,NA,GM-1614-Svr-Mgmt,30073,Default_Network_Universal,Default_Network_Extension_Universal,GM-1614-Svr-Mgmt,,false,,,,false,false,false,true,,,,,,,12345,1,,,1614,,,,,239.1.1.28,false
SoAZ-PHX,NA,ADOT-dt-ipcameras-FW-CONN,30094,Default_Network_Universal,Default_Network_Extension_Universal,ADOT-dt-ipcameras-FW-CONN,,false,,,,false,false,false,true,,,,,,,12345,1,,,154,,,,,239.1.1.29,false
SoAZ-PHX,NA,rt-mosaic-FW-CONN,30162,Default_Network_Universal,Default_Network_Extension_Universal,rt-mosaic-FW-CONN,,false,,,,false,false,false,true,,,,,,,12345,1,,,2125,,,,,239.1.1.30,false
SoAZ-PHX,NA,ADOT-Internal-Extranet,30019,Default_Network_Universal,Default_Network_Extension_Universal,ADOT-Internal-Extranet,,false,,,,false,false,false,true,,,,,,,12345,1,,,1640,,,,,239.1.1.0,false
SoAZ-PHX,NA,PIMA,30133,Default_Network_Universal,Default_Network_Extension_Universal,PIMA,,false,,,,false,false,false,true,,,,,,,12345,1,,,523,,,,,239.1.1.32,false
SoAZ-PHX,NA,ADOT-PVS-Citrix-primary,30004,Default_Network_Universal,Default_Network_Extension_Universal,ADOT-PVS-Citrix-primary,,false,,,,false,false,false,true,,,,,,,12345,1,,,220,,,,,239.1.1.0,false
SoAZ-PHX,NA,dt-virtualcsr-FW-CONN,30098,Default_Network_Universal,Default_Network_Extension_Universal,dt-virtualcsr-FW-CONN,,false,,,,false,false,false,true,,,,,,,12345,1,,,158,,,,,239.1.1.34,false
SoAZ-PHX,NA,MF-z-VM,30150,Default_Network_Universal,Default_Network_Extension_Universal,MF-z-VM,,false,,,,false,false,false,true,,,,,,,12345,1,,,334,,,,,239.1.1.35,false
SoAZ-PHX,NA,ADE-Servers-UAT,30710,Default_Network_Universal,Default_Network_Extension_Universal,ADE-Servers-UAT,,false,,,,false,false,true,true,,,,,,,12345,1,,,710,,ADE-Servers-UAT,,,239.1.1.0,false
SoAZ-PHX,NA,ad-tucdmz-PALO-CONN,30115,Default_Network_Universal,Default_Network_Extension_Universal,ad-tucdmz-PALO-CONN,,false,,,,false,false,false,true,,,,,,,12345,1,,,502,,,,,239.1.1.37,false
SoAZ-PHX,NA,ADE-IAAS-HyperVisor-Mgmt,30726,Default_Network_Universal,Default_Network_Extension_Universal,ADE-IAAS-HyperVisor-Mgmt,,false,,,,false,false,true,true,,,,,,,12345,1,,,726,,ADE-IAAS-HyperVisor-Mgmt,,,239.1.1.0,false
SoAZ-PHX,NA,rtiot-az-data-FW-CONN,30159,Default_Network_Universal,Default_Network_Extension_Universal,rtiot-az-data-FW-CONN,,false,,,,false,false,false,true,,,,,,,12345,1,,,2127,,,,,239.1.1.39,false
SoAZ-PHX,NA,ZADARA-STORAGE-1001-DOT,30017,Default_Network_Universal,Default_Network_Extension_Universal,ZADARA-STORAGE-1001-DOT,,false,,,,false,false,false,true,,,,,,,12345,1,,,1001,,,,,239.1.1.0,false
SoAZ-PHX,NA,ADOT-Dev-Web-Servers,30014,Default_Network_Universal,Default_Network_Extension_Universal,ADOT-Dev-Web-Servers,,false,,,,false,false,false,true,,,,,,,12345,1,,,402,,,,,239.1.1.0,false
SoAZ-PHX,NA,DMZ-DHS,30129,Default_Network_Universal,Default_Network_Extension_Universal,DMZ-DHS,,false,,,,false,false,false,true,,,,,,,12345,1,,,519,,,,,239.1.1.42,false
SoAZ-PHX,NA,DMZ-COTE,30132,Default_Network_Universal,Default_Network_Extension_Universal,DMZ-COTE,,false,,,,false,false,false,true,,,,,,,12345,1,,,522,,,,,239.1.1.43,false
SoAZ-PHX,NA,ADE-ed-data-vrf,30702,Default_Network_Universal,Default_Network_Extension_Universal,ADE-ed-data-vrf,,false,,,,false,false,true,true,,,,,,,12345,1,,,702,,ADE-ed-data-vrf,,,239.1.1.44,false
SoAZ-PHX,NA,AMVANET,30154,Default_Network_Universal,Default_Network_Extension_Universal,AMVANET,,false,,,,false,false,false,true,,,,,,,12345,1,,,2079,,,,,239.1.1.45,false
SoAZ-PHX,NA,ADOT-dt-hvac-FW-CONN,30091,Default_Network_Universal,Default_Network_Extension_Universal,ADOT-dt-hvac-FW-CONN,,false,,,,false,false,false,true,,,,,,,12345,1,,,151,,,,,239.1.1.46,false
SoAZ-PHX,NA,DMZ-AZ3D-DB,30127,Default_Network_Universal,Default_Network_Extension_Universal,DMZ-AZ3D-DB,,false,,,,false,false,false,true,,,,,,,12345,1,,,517,,,,,239.1.1.47,false
SoAZ-PHX,NA,BACK-END-AGENCY-MGMT-TRANSIT,30053,Default_Network_Universal,Default_Network_Extension_Universal,BACK-END-AGENCY-MGMT-TRANSIT,,false,,,,false,false,false,true,,,,,,,12345,1,,,1500,,,,,239.1.1.48,false
SoAZ-PHX,NA,DMZ-AZOT,30138,Default_Network_Universal,Default_Network_Extension_Universal,DMZ-AZOT,,false,,,,false,false,false,true,,,,,,,12345,1,,,529,,,,,239.1.1.49,false
SoAZ-PHX,NA,ADE-WIRELESS-FW,30157,Default_Network_Universal,Default_Network_Extension_Universal,ADE-WIRELESS-FW,,false,,,,false,false,false,true,,,,,,,12345,1,,,751,,,,,239.1.1.50,false
SoAZ-PHX,NA,rt-data-VPN-FW-CONN,30163,Default_Network_Universal,Default_Network_Extension_Universal,rt-data-VPN-FW-CONN,,false,,,,false,false,false,true,,,,,,,12345,1,,,2106,,,,,239.1.1.51,false
SoAZ-PHX,NA,az-data-ADOT-FW-CONN,30030,Default_Network_Universal,Default_Network_Extension_Universal,az-data-ADOT-FW-CONN,,false,,,,false,false,false,true,,,,,,,12345,1,,,2072,,,,,239.1.1.0,false
SoAZ-PHX,NA,HRIS-DEV-PRES,30035,Default_Network_Universal,Default_Network_Extension_Universal,HRIS-DEV-PRES,,false,,,,false,false,false,true,,,,,,,12345,1,,,304,,,,,239.1.1.0,false
SoAZ-PHX,NA,rt-data-FW-CONN,30164,Default_Network_Universal,Default_Network_Extension_Universal,rt-data-FW-CONN,,false,,,,false,false,false,true,,,,,,,12345,1,,,2098,,,,,239.1.1.54,false
SoAZ-PHX,NA,ADOT-dt-mvmwifi-FW-CONN,30095,Default_Network_Universal,Default_Network_Extension_Universal,ADOT-dt-mvmwifi-FW-CONN,,false,,,,false,false,false,true,,,,,,,12345,1,,,155,,,,,239.1.1.55,false
SoAZ-PHX,NA,ic-vdi-1685,30048,Default_Network_Universal,Default_Network_Extension_Universal,ic-vdi-1685,,false,,,,false,false,false,true,,,,,,,12345,1,,,1685,,,,,239.1.1.0,false
SoAZ-PHX,NA,DES-MF-to-Zcloud-PURPLE,30153,Default_Network_Universal,Default_Network_Extension_Universal,DES-MF-to-Zcloud-PURPLE,,false,,,,false,false,false,true,,,,,,,12345,1,,,461,,,,,239.1.1.57,false
SoAZ-PHX,NA,ADE-VLAN713,30713,Default_Network_Universal,Default_Network_Extension_Universal,ADE-VLAN713,,false,,,,false,false,true,true,,,,,,,12345,1,,,713,,ADE-VLAN713,,,239.1.1.0,false
SoAZ-PHX,NA,DMZ-ACA,30140,Default_Network_Universal,Default_Network_Extension_Universal,DMZ-ACA,,false,,,,false,false,false,true,,,,,,,12345,1,,,532,,,,,239.1.1.59,false
SoAZ-PHX,NA,LD-1671-Svrs,30042,Default_Network_Universal,Default_Network_Extension_Universal,LD-1671-Svrs,,false,,,,false,false,false,true,,,,,,,12345,1,,,1671,,,,,239.1.1.0,false
SoAZ-PHX,NA,DMZ-LAND-DB,30134,Default_Network_Universal,Default_Network_Extension_Universal,DMZ-LAND-DB,,false,,,,false,false,false,true,,,,,,,12345,1,,,524,,,,,239.1.1.61,false
SoAZ-PHX,NA,ADOT-New-Internal-DMZ,30024,Default_Network_Universal,Default_Network_Extension_Universal,ADOT-New-Internal-DMZ,,false,,,,false,false,false,true,,,,,,,12345,1,,,1645,,,,,239.1.1.0,false
SoAZ-PHX,NA,PDU-MGMT,30074,Default_Network_Universal,Default_Network_Extension_Universal,PDU-MGMT,,false,,,,false,false,false,true,,,,,,,12345,1,,,3960,,,,,239.1.1.63,false
SoAZ-PHX,NA,ic-nfs-1687,30049,Default_Network_Universal,Default_Network_Extension_Universal,ic-nfs-1687,,false,,,,false,false,false,true,,,,,,,12345,1,,,1687,,,,,239.1.1.0,false
SoAZ-PHX,NA,ADOT-Dev-Applications,30012,Default_Network_Universal,Default_Network_Extension_Universal,ADOT-Dev-Applications,,false,,,,false,false,false,true,,,,,,,12345,1,,,400,,,,,239.1.1.0,false
SoAZ-PHX,NA,ADOT-Backbone-Subnet,30001,Default_Network_Universal,Default_Network_Extension_Universal,ADOT-Backbone-Subnet,,false,,,,false,false,false,true,,,,,,,12345,1,,,200,,ADOT-Backbone-Subnet,,,239.1.1.0,false
SoAZ-PHX,NA,ADE-ClientsDataCenter,30712,Default_Network_Universal,Default_Network_Extension_Universal,ADE-ClientsDataCenter,,false,,,,false,false,true,true,,,,,,,12345,1,,,712,,ADE-ClientsDataCenter,,,239.1.1.66,false
SoAZ-PHX,NA,ADOT-dt-aws-FW-CONN,30028,Default_Network_Universal,Default_Network_Extension_Universal,ADOT-dt-aws-FW-CONN,,false,,,,false,false,false,true,,,,,,,12345,1,,,1649,,,,,239.1.1.0,false
SoAZ-PHX,NA,ADE-Servers-DMZ,30754,Default_Network_Universal,Default_Network_Extension_Universal,ADE-Servers-DMZ,,false,,,,false,false,true,true,,,,,,,12345,1,,,754,,ADE-Servers-DMZ,,,239.1.1.0,false
SoAZ-PHX,NA,ADOT-MF-to-Zcloud-2,30170,Default_Network_Universal,Default_Network_Extension_Universal,ADOT-MF-to-Zcloud-2,,false,,,,false,false,false,true,,,,,,,12345,1,,,452,,,,,239.1.1.70,false
SoAZ-PHX,NA,ADOT-MF-to-Zcloud-1,30151,Default_Network_Universal,Default_Network_Extension_Universal,ADOT-MF-to-Zcloud-1,,false,,,,false,false,false,true,,,,,,,12345,1,,,451,,,,,239.1.1.71,false
SoAZ-PHX,NA,ADOT-MF-to-Zcloud-4,30171,Default_Network_Universal,Default_Network_Extension_Universal,ADOT-MF-to-Zcloud-4,,false,,,,false,false,false,true,,,,,,,12345,1,,,454,,,,,239.1.1.72,false
SoAZ-PHX,NA,ADOT-MF-to-Zcloud-3,30155,Default_Network_Universal,Default_Network_Extension_Universal,ADOT-MF-to-Zcloud-3,,false,,,,false,false,false,true,,,,,,,12345,1,,,453,,,,,239.1.1.73,false
SoAZ-PHX,NA,ic-data-servers-1690,30051,Default_Network_Universal,Default_Network_Extension_Universal,ic-data-servers-1690,,false,,,,false,false,false,true,,,,,,,12345,1,,,1690,,,,,239.1.1.0,false
SoAZ-PHX,NA,ADOT-MF-to-Zcloud-6,30173,Default_Network_Universal,Default_Network_Extension_Universal,ADOT-MF-to-Zcloud-6,,false,,,,false,false,false,true,,,,,,,12345,1,,,456,,,,,239.1.1.75,false
SoAZ-PHX,NA,ic-dmz-1691,30052,Default_Network_Universal,Default_Network_Extension_Universal,ic-dmz-1691,,false,,,,false,false,false,true,,,,,,,12345,1,,,1691,,,,,239.1.1.0,false
SoAZ-PHX,NA,ADOT-MF-to-Zcloud-5,30172,Default_Network_Universal,Default_Network_Extension_Universal,ADOT-MF-to-Zcloud-5,,false,,,,false,false,false,true,,,,,,,12345,1,,,455,,,,,239.1.1.77,false
SoAZ-PHX,NA,dt-yumacc-FW-CONN,30099,Default_Network_Universal,Default_Network_Extension_Universal,dt-yumacc-FW-CONN,,false,,,,false,false,false,true,,,,,,,12345,1,,,159,,,,,239.1.1.78,false
SoAZ-PHX,NA,ADOT-az-data,30143,Default_Network_Universal,Default_Network_Extension_Universal,ADOT-az-data,,false,,,,false,false,false,true,,,,,,,12345,1,,,2028,,,,,239.1.1.79,false
SoAZ-PHX,NA,ADOT-Server-Network-primary,30006,Default_Network_Universal,Default_Network_Extension_Universal,ADOT-Server-Network-primary,,false,,,,false,false,false,true,,,,,,,12345,1,,,230,,,,,239.1.1.0,false
SoAZ-PHX,NA,ADOT-Datacenter-201,30002,Default_Network_Universal,Default_Network_Extension_Universal,ADOT-Datacenter-201,,false,,,,false,false,false,true,,,,,,,12345,1,,,201,,,,,239.1.1.0,false
SoAZ-PHX,NA,ADE-Servers-Training,30740,Default_Network_Universal,Default_Network_Extension_Universal,ADE-Servers-Training,,false,,,,false,false,true,true,,,,,,,12345,1,,,740,,ADE-Servers-Training,,,239.1.1.0,false
SoAZ-PHX,NA,DMZ-GPS-APP,30122,Default_Network_Universal,Default_Network_Extension_Universal,DMZ-GPS-APP,,false,,,,false,false,false,true,,,,,,,12345,1,,,512,,,,,239.1.1.83,false
SoAZ-PHX,NA,dt-mvm-FW-CONN,30107,Default_Network_Universal,Default_Network_Extension_Universal,dt-mvm-FW-CONN,,false,,,,false,false,false,true,,,,,,,12345,1,,,2086,,,,,239.1.1.84,false
SoAZ-PHX,NA,DMZ-DNS1,30114,Default_Network_Universal,Default_Network_Extension_Universal,DMZ-DNS1,,false,,,,false,false,false,true,,,,,,,12345,1,,,501,,,,,239.1.1.85,false
SoAZ-PHX,NA,ADE-VLAN736,30736,Default_Network_Universal,Default_Network_Extension_Universal,ADE-VLAN736,,false,,,,false,false,true,true,,,,,,,12345,1,,,736,,ADE-VLAN736,,,239.1.1.0,false
SoAZ-PHX,NA,ADE-Servers-Data,30703,Default_Network_Universal,Default_Network_Extension_Universal,ADE-Servers-Data,,false,,,,false,false,true,true,,,,,,,12345,1,,,703,,ADE-Servers-Data,,,239.1.1.0,false
SoAZ-PHX,NA,DMZ-DNS3,30116,Default_Network_Universal,Default_Network_Extension_Universal,DMZ-DNS3,,false,,,,false,false,false,true,,,,,,,12345,1,,,503,,,,,239.1.1.88,false
SoAZ-PHX,NA,ADE-Servers-Prod,30704,Default_Network_Universal,Default_Network_Extension_Universal,ADE-Servers-Prod,,false,,,,false,false,true,true,,,,,,,12345,1,,,704,,ADE-Servers-Prod,,,239.1.1.0,false
SoAZ-PHX,NA,dc-dmz,30167,Default_Network_Universal,Default_Network_Extension_Universal,dc-dmz-,,false,,,,false,false,false,true,,,,,,,12345,1,,,2108,,,,,239.1.1.90,false
SoAZ-PHX,NA,FRONT-END-AGENCY-MGMT,30075,Default_Network_Universal,Default_Network_Extension_Universal,FRONT-END-AGENCY-MGMT,,false,,,,false,false,false,true,,,,,,,12345,1,,,3961,,,,,239.1.1.91,false
SoAZ-PHX,NA,ADOT-RESERVED-1728,30103,Default_Network_Universal,Default_Network_Extension_Universal,ADOT-RESERVED-1728,,false,,,,false,false,false,true,,,,,,,12345,1,,,1728,,,,,239.1.1.92,false
SoAZ-PHX,NA,ADE-IAAS-VMO-and-Cluster,30728,Default_Network_Universal,Default_Network_Extension_Universal,ADE-IAAS-VMO-and-Cluster,,false,,,,false,false,true,true,,,,,,,12345,1,,,728,,ADE-IAAS-VMO-and-Cluster,,,239.1.1.0,false
SoAZ-PHX,NA,BACK-END-AGENCY-MGMT-1507,30060,Default_Network_Universal,Default_Network_Extension_Universal,BACK-END-AGENCY-MGMT-1507,,false,,,,false,false,false,true,,,,,,,12345,1,,,1507,,,,,239.1.1.94,false
SoAZ-PHX,NA,ADE-EXCHANGE-DAG,30752,Default_Network_Universal,Default_Network_Extension_Universal,ADE-EXCHANGE-DAG,,false,,,,false,false,true,true,,,,,,,12345,1,,,752,,ADE-EXCHANGE-DAG,,,239.1.1.0,false
SoAZ-PHX,NA,ps-data-1672,30037,Default_Network_Universal,Default_Network_Extension_Universal,ps-data-1672,,false,,,,false,false,false,true,,,,,,,12345,1,,,1672,,,,,239.1.1.0,false
SoAZ-PHX,NA,BACK-END-AGENCY-MGMT-1506,30059,Default_Network_Universal,Default_Network_Extension_Universal,BACK-END-AGENCY-MGMT-1506,,false,,,,false,false,false,true,,,,,,,12345,1,,,1506,,,,,239.1.1.97,false
SoAZ-PHX,NA,BACK-END-AGENCY-MGMT-1509,30062,Default_Network_Universal,Default_Network_Extension_Universal,BACK-END-AGENCY-MGMT-1509,,false,,,,false,false,false,true,,,,,,,12345,1,,,1509,,,,,239.1.1.98,false
SoAZ-PHX,NA,BACK-END-AGENCY-MGMT-1508,30061,Default_Network_Universal,Default_Network_Extension_Universal,BACK-END-AGENCY-MGMT-1508,,false,,,,false,false,false,true,,,,,,,12345,1,,,1508,,,,,239.1.1.99,false
SoAZ-PHX,NA,BACK-END-AGENCY-MGMT-1501,30054,Default_Network_Universal,Default_Network_Extension_Universal,BACK-END-AGENCY-MGMT-1501,,false,,,,false,false,false,true,,,,,,,12345,1,,,1501,,,,,239.1.1.100,false
SoAZ-PHX,NA,ps-data-1675,30040,Default_Network_Universal,Default_Network_Extension_Universal,ps-data-1675,,false,,,,false,false,false,true,,,,,,,12345,1,,,1675,,,,,239.1.1.0,false
SoAZ-PHX,NA,BACK-END-AGENCY-MGMT-1503,30056,Default_Network_Universal,Default_Network_Extension_Universal,BACK-END-AGENCY-MGMT-1503,,false,,,,false,false,false,true,,,,,,,12345,1,,,1503,,,,,239.1.1.102,false
SoAZ-PHX,NA,BACK-END-AGENCY-MGMT-1502,30055,Default_Network_Universal,Default_Network_Extension_Universal,BACK-END-AGENCY-MGMT-1502,,false,,,,false,false,false,true,,,,,,,12345,1,,,1502,,,,,239.1.1.103,false
SoAZ-PHX,NA,ps-data-1673,30038,Default_Network_Universal,Default_Network_Extension_Universal,ps-data-1673,,false,,,,false,false,false,true,,,,,,,12345,1,,,1673,,,,,239.1.1.0,false
SoAZ-PHX,NA,BACK-END-AGENCY-MGMT-1505,30058,Default_Network_Universal,Default_Network_Extension_Universal,BACK-END-AGENCY-MGMT-1505,,false,,,,false,false,false,true,,,,,,,12345,1,,,1505,,,,,239.1.1.105,false
SoAZ-PHX,NA,ps-data-1674,30039,Default_Network_Universal,Default_Network_Extension_Universal,ps-data-1674,,false,,,,false,false,false,true,,,,,,,12345,1,,,1674,,,,,239.1.1.0,false
SoAZ-PHX,NA,BACK-END-AGENCY-MGMT-1504,30057,Default_Network_Universal,Default_Network_Extension_Universal,BACK-END-AGENCY-MGMT-1504,,false,,,,false,false,false,true,,,,,,,12345,1,,,1504,,,,,239.1.1.107,false
SoAZ-PHX,NA,LD-1670-DMZ,30041,Default_Network_Universal,Default_Network_Extension_Universal,LD-1670-DMZ,,false,,,,false,false,false,true,,,,,,,12345,1,,,1670,,,,,239.1.1.0,false
SoAZ-PHX,NA,ADOT-dt-kiosk-FW-CONN,30089,Default_Network_Universal,Default_Network_Extension_Universal,ADOT-dt-kiosk-FW-CONN,,false,,,,false,false,false,true,,,,,,,12345,1,,,149,,,,,239.1.1.109,false
SoAZ-PHX,NA,rt-dmz-FW-CONN,30160,Default_Network_Universal,Default_Network_Extension_Universal,rt-dmz-FW-CONN,,false,,,,false,false,false,true,,,,,,,12345,1,,,2099,,,,,239.1.1.110,false
SoAZ-PHX,NA,ADE-Servers-Management,30708,Default_Network_Universal,Default_Network_Extension_Universal,ADE-Servers-Management,,false,,,,false,false,true,true,,,,,,,12345,1,,,708,,ADE-Servers-Management,,,239.1.1.0,false
SoAZ-PHX,NA,ed-data-730,30730,Default_Network_Universal,Default_Network_Extension_Universal,ed-data-730,,false,,,,false,false,true,true,,,,,,,12345,1,,,730,,ed-data-730,,,239.1.1.0,false
SoAZ-PHX,NA,rg-data-w-FW-CONN,30146,Default_Network_Universal,Default_Network_Extension_Universal,rg-data-w-FW-CONN,,false,,,,false,false,false,true,,,,,,,12345,1,,,2114,,,,,239.1.1.113,false
SoAZ-PHX,dc-ftgdmz,Treasury-tr-data,30148,Default_Network_Universal,Default_Network_Extension_Universal,tr-data-w-FW-CONN,,false,,,,false,false,false,false,,,,,,,12345,1,,,2019,,,,,239.1.1.114,false
SoAZ-PHX,NA,ADE-DMZ-Backend,30701,Default_Network_Universal,Default_Network_Extension_Universal,ADE-DMZ-Backend,,false,,,,false,false,true,true,,,,,,,12345,1,,,701,,ADE-DMZ-Backend,,,239.1.1.0,false
SoAZ-PHX,NA,ed-data-731,30731,Default_Network_Universal,Default_Network_Extension_Universal,ed-data-731,,false,,,,false,false,true,true,,,,,,,12345,1,,,731,,ed-data-731,,,239.1.1.0,false
SoAZ-PHX,NA,GITA-AAYS,30130,Default_Network_Universal,Default_Network_Extension_Universal,GITA-AAYS,,false,,,,false,false,false,true,,,,,,,12345,1,,,520,,,,,239.1.1.117,false
SoAZ-PHX,NA,ADOT-AAMVA,30020,Default_Network_Universal,Default_Network_Extension_Universal,ADOT-AAMVA,,false,,,,false,false,false,true,,,,,,,12345,1,,,1641,,,,,239.1.1.0,false
SoAZ-PHX,NA,ic-vmgmt-1684,30047,Default_Network_Universal,Default_Network_Extension_Universal,ic-vmgmt-1684,,false,,,,false,false,false,true,,,,,,,12345,1,,,1684,,,,,239.1.1.0,false
SoAZ-PHX,NA,DMZ-Web-Proxy,30119,Default_Network_Universal,Default_Network_Extension_Universal,DMZ-Web-Proxy,,false,,,,false,false,false,true,,,,,,,12345,1,,,509,,,,,239.1.1.120,false
SoAZ-PHX,NA,ADE-Servers-Test,30706,Default_Network_Universal,Default_Network_Extension_Universal,ADE-Servers-Test,,false,,,,false,false,true,true,,,,,,,12345,1,,,706,,ADE-Servers-Test,,,239.1.1.0,false
SoAZ-PHX,NA,SCIFI-FWSM-OUTSIDE,30141,Default_Network_Universal,Default_Network_Extension_Universal,SCIFI-FWSM-OUTSIDE,,false,,,,false,false,false,true,,,,,,,12345,1,,,855,,,,,239.1.1.122,false
SoAZ-PHX,NA,ADE-Servers-DEV-vlan732,30732,Default_Network_Universal,Default_Network_Extension_Universal,ADE-Servers-DEV-vlan732,,false,,,,false,false,true,true,,,,,,,12345,1,,,732,,ADE-Servers-DEV-vlan732,,,239.1.1.0,false
SoAZ-PHX,NA,hd-guest-FW-CONN,30111,Default_Network_Universal,Default_Network_Extension_Universal,hd-guest-FW-CONN,,false,,,,false,false,false,true,,,,,,,12345,1,,,2075,,,,,239.1.1.124,false
SoAZ-PHX,NA,DMZ-GPS-PROXY,30123,Default_Network_Universal,Default_Network_Extension_Universal,DMZ-GPS-PROXY,,false,,,,false,false,false,true,,,,,,,12345,1,,,513,,,,,239.1.1.125,false
SoAZ-PHX,NA,az-voip-1720,30081,Default_Network_Universal,Default_Network_Extension_Universal,az-voip-1720,,false,,,,false,false,false,true,,,,,,,12345,1,,,1720,,,,,239.1.1.126,false
SoAZ-PHX,NA,ZADARA-STORAGE-1002-DHS,30169,Default_Network_Universal,Default_Network_Extension_Universal,ZADARA-STORAGE-1002-DHS,,false,,,,false,false,false,true,,,,,,,12345,1,,,1002,,,,,239.1.1.127,false
SoAZ-PHX,NA,dt-mrprinters-FW-CONN,30106,Default_Network_Universal,Default_Network_Extension_Universal,dt-mrprinters-FW-CONN,,false,,,,false,false,false,true,,,,,,,12345,1,,,2124,,,,,239.1.1.128,false
SoAZ-PHX,NA,DMZ-DHS-SIREN,30124,Default_Network_Universal,Default_Network_Extension_Universal,DMZ-DHS-SIREN,,false,,,,false,false,false,true,,,,,,,12345,1,,,514,,,,,239.1.1.129,false
SoAZ-PHX,NA,az-data,30168,Default_Network_Universal,Default_Network_Extension_Universal,az-data-,,false,,,,false,false,false,true,,,,,,,12345,1,,,2109,,,,,239.1.1.130,false
SoAZ-PHX,NA,DES-MF-to-Zcloud-REP-GREEN,30152,Default_Network_Universal,Default_Network_Extension_Universal,DES-MF-to-Zcloud-REP-GREEN,,false,,,,false,false,false,true,,,,,,,12345,1,,,460,,,,,239.1.1.131,false
SoAZ-PHX,NA,ed-data-729,30729,Default_Network_Universal,Default_Network_Extension_Universal,ed-data-729,,false,,,,false,false,true,true,,,,,,,12345,1,,,729,,ed-data-729,,,239.1.1.0,false
SoAZ-PHX,NA,DMZ-AZ3D-DATA,30126,Default_Network_Universal,Default_Network_Extension_Universal,DMZ-AZ3D-DATA,,false,,,,false,false,false,true,,,,,,,12345,1,,,516,,,,,239.1.1.133,false
SoAZ-PHX,NA,ADOT-SAN-Subnet-LAN-non-routed,30007,Default_Network_Universal,Default_Network_Extension_Universal,ADOT-SAN-Subnet-LAN-non-routed,,false,,,,false,false,false,true,,,,,,,12345,1,,,250,,,,,239.1.1.0,false
SoAZ-PHX,NA,ADOT-Internal-Load-Balancers,30011,Default_Network_Universal,Default_Network_Extension_Universal,ADOT-Internal-Load-Balancers,,false,,,,false,false,false,true,,,,,,,12345,1,,,299,,,,,239.1.1.0,false
SoAZ-PHX,NA,rt-iot-FW-CONN,30161,Default_Network_Universal,Default_Network_Extension_Universal,rt-iot-FW-CONN,,false,,,,false,false,false,true,,,,,,,12345,1,,,2123,,,,,239.1.1.136,false
SoAZ-PHX,NA,ADOT-dt-aruba-FW-CONN,30088,Default_Network_Universal,Default_Network_Extension_Universal,ADOT-dt-aruba-FW-CONN,,false,,,,false,false,false,true,,,,,,,12345,1,,,148,,,,,239.1.1.137,false
SoAZ-PHX,NA,ADOT-dt-facm-FW-CONN,30090,Default_Network_Universal,Default_Network_Extension_Universal,ADOT-dt-facm-FW-CONN,,false,,,,false,false,false,true,,,,,,,12345,1,,,150,,,,,239.1.1.138,false
SoAZ-PHX,NA,DMZ-TIME,30117,Default_Network_Universal,Default_Network_Extension_Universal,DMZ-TIME,,false,,,,false,false,false,true,,,,,,,12345,1,,,504,,,,,239.1.1.139,false
SoAZ-PHX,NA,ADOT-Vmotion,30029,Default_Network_Universal,Default_Network_Extension_Universal,ADOT-Vmotion,,false,,,,false,false,false,true,,,,,,,12345,1,,,1650,,,,,239.1.1.0,false
SoAZ-PHX,NA,dc-campus,30166,Default_Network_Universal,Default_Network_Extension_Universal,dc-campus-,,false,,,,false,false,false,true,,,,,,,12345,1,,,2111,,,,,239.1.1.141,false
SoAZ-PHX,NA,NCS2006-L2-TOP,30077,Default_Network_Universal,Default_Network_Extension_Universal,NCS2006-L2-TOP,,false,,,,false,false,false,true,,,,,,,12345,1,,,98,,,,,239.1.1.142,false
SoAZ-PHX,NA,ah-dmz-1617,31617,Default_Network_Universal,Default_Network_Extension_Universal,ah-dmz-1617,,false,,,,false,false,false,true,,,,,,,12345,1,,,1617,,,,,239.1.1.143,false
SoAZ-PHX,NA,DMZ-LAND-PRES,30136,Default_Network_Universal,Default_Network_Extension_Universal,DMZ-LAND-PRES,,false,,,,false,false,false,true,,,,,,,12345,1,,,526,,,,,239.1.1.144,false
SoAZ-PHX,NA,GITA-AAYS-OLD,30131,Default_Network_Universal,Default_Network_Extension_Universal,GITA-AAYS-OLD,,false,,,,false,false,false,true,,,,,,,12345,1,,,521,,,,,239.1.1.145,false
SoAZ-PHX,NA,ADE-VM-Inf,30709,Default_Network_Universal,Default_Network_Extension_Universal,ADE-VM-Inf,,false,,,,false,false,true,true,,,,,,,12345,1,,,709,,ADE-VM-Inf,,,239.1.1.0,false
SoAZ-PHX,NA,ADOT-XenDesktop-Net-primary,30005,Default_Network_Universal,Default_Network_Extension_Universal,ADOT-XenDesktop-Net-primary,,false,,,,false,false,false,true,,,,,,,12345,1,,,225,,,,,239.1.1.0,false
SoAZ-PHX,NA,HRIS-DEV-DB,30034,Default_Network_Universal,Default_Network_Extension_Universal,HRIS-DEV-DB,,false,,,,false,false,false,true,,,,,,,12345,1,,,303,,,,,239.1.1.0,false
SoAZ-PHX,NA,dt-goocc-FW-CONN,30100,Default_Network_Universal,Default_Network_Extension_Universal,dt-goocc-FW-CONN,,false,,,,false,false,false,true,,,,,,,12345,1,,,161,,,,,239.1.1.149,false
SoAZ-PHX,NA,ADOT-Private-Transit,30021,Default_Network_Universal,Default_Network_Extension_Universal,ADOT-Private-Transit,,false,,,,false,false,false,true,,,,,,,12345,1,,,1642,,,,,239.1.1.0,false
SoAZ-PHX,az-test,TEST-VLAN-1510,31510,Default_Network_Universal,Default_Network_Extension_Universal,TEST-VLAN-1510,,false,,,,false,false,false,false,,,,,,,12345,1,,,1510,10.242.200.1/29,,,az-test-vlan,239.1.1.0,false
SoAZ-PHX,NA,ADOT-dt-intercom-FW-CONN,30093,Default_Network_Universal,Default_Network_Extension_Universal,ADOT-dt-intercom-FW-CONN,,false,,,,false,false,false,true,,,,,,,12345,1,,,153,,,,,239.1.1.152,false
SoAZ-PHX,NA,dt-awscorp-ADOT-FW-CONN,30105,Default_Network_Universal,Default_Network_Extension_Universal,dt-awscorp-ADOT-FW-CONN,,false,,,,false,false,false,true,,,,,,,12345,1,,,2082,,,,,239.1.1.153,false
SoAZ-PHX,NA,DMZ-MAG,30120,Default_Network_Universal,Default_Network_Extension_Universal,DMZ-MAG,,false,,,,false,false,false,true,,,,,,,12345,1,,,510,,,,,239.1.1.154,false
SoAZ-PHX,NA,ADOT-SGVPN-1726,30101,Default_Network_Universal,Default_Network_Extension_Universal,ADOT-SGVPN-1726,,false,,,,false,false,false,true,,,,,,,12345,1,,,1726,,,,,239.1.1.155,false
SoAZ-PHX,NA,hd-data-1657,30044,Default_Network_Universal,Default_Network_Extension_Universal,hd-data-1657,,false,,,,false,false,false,true,,,,,,,12345,1,,,1657,,,,,239.1.1.0,false
SoAZ-PHX,NA,ADE-VLAN705,30705,Default_Network_Universal,Default_Network_Extension_Universal,ADE-VLAN705,,false,,,,false,false,true,true,,,,,,,12345,1,,,705,,ADE-VLAN705,,,239.1.1.0,false
SoAZ-PHX,NA,dc-campus-mgmt,30165,Default_Network_Universal,Default_Network_Extension_Universal,dc-campus-mgmt,,false,,,,false,false,false,true,,,,,,,12345,1,,,1701,,,,,239.1.1.158,false
SoAZ-PHX,NA,HRIS-PRD-PRES,30032,Default_Network_Universal,Default_Network_Extension_Universal,HRIS-PRD-PRES,,false,,,,false,false,false,true,,,,,,,12345,1,,,301,,,,,239.1.1.0,false
SoAZ-PHX,NA,hd-data-FW-CONN,30112,Default_Network_Universal,Default_Network_Extension_Universal,hd-data-FW-CONN,,false,,,,false,false,false,true,,,,,,,12345,1,,,2073,,,,,239.1.1.160,false
SoAZ-PHX,NA,DMZ-GV,30139,Default_Network_Universal,Default_Network_Extension_Universal,DMZ-GV,,false,,,,false,false,false,true,,,,,,,12345,1,,,530,,,,,239.1.1.161,false
SoAZ-PHX,NA,AD-DC-CAM,30082,Default_Network_Universal,Default_Network_Extension_Universal,AD-DC-CAM,,false,,,,false,false,false,true,,,,,,,12345,1,,,2053,,,,,239.1.1.162,false
SoAZ-PHX,NA,ADOT-Proxy-Network-Primary,30009,Default_Network_Universal,Default_Network_Extension_Universal,ADOT-Proxy-Network-Primary,,false,,,,false,false,false,true,,,,,,,12345,1,,,280,,,,,239.1.1.0,false
SoAZ-PHX,NA,ADOT-SVR-MGMT-L2-ONLY,30023,Default_Network_Universal,Default_Network_Extension_Universal,ADOT-SVR-MGMT-L2-ONLY,,false,,,,false,false,false,true,,,,,,,12345,1,,,1644,,,,,239.1.1.0,false
SoAZ-PHX,NA,ROC-rg-data,30145,Default_Network_Universal,Default_Network_Extension_Universal,ROC-rg-data,,false,,,,false,false,false,true,,,,,,,12345,1,,,901,,,,,239.1.1.165,false
SoAZ-PHX,NA,ADE-az-data,30087,Default_Network_Universal,Default_Network_Extension_Universal,ADE-az-data,,false,,,,false,false,false,true,,,,,,,12345,1,,,2008,,,,,239.1.1.166,false
SoAZ-PHX,NA,dt-genvpn-FW-CONN,30027,Default_Network_Universal,Default_Network_Extension_Universal,dt-genvpn-FW-CONN,,false,,,,false,false,false,true,,,,,,,12345,1,,,1648,,,,,239.1.1.0,false
SoAZ-PHX,NA,az-wireless-IRM,30079,Default_Network_Universal,Default_Network_Extension_Universal,az-wireless-IRM,,false,,,,false,false,false,true,,,,,,,12345,1,,,407,,,,,239.1.1.168,false
SoAZ-PHX,NA,ADE-Servers-Dev,30707,Default_Network_Universal,Default_Network_Extension_Universal,ADE-Servers-Dev,,false,,,,false,false,true,true,,,,,,,12345,1,,,707,,ADE-Servers-Dev,,,239.1.1.0,false
SoAZ-PHX,NA,Land-az-data-FW-CONN,30108,Default_Network_Universal,Default_Network_Extension_Universal,Land-az-data-FW-CONN,,false,,,,false,false,false,true,,,,,,,12345,1,,,2085,,,,,239.1.1.170,false
SoAZ-PHX,NA,ic-iscsi-1686,30046,Default_Network_Universal,Default_Network_Extension_Universal,ic-iscsi-1686,,false,,,,false,false,false,true,,,,,,,12345,1,,,1686,,,,,239.1.1.0,false
SoAZ-PHX,NA,GM-1612-Svrs,30045,Default_Network_Universal,Default_Network_Extension_Universal,GM-1612-Svrs,,false,,,,false,false,false,true,,,,,,,12345,1,,,1612,,,,,239.1.1.0,false
SoAZ-PHX,NA,to-data-FW-CONN,30084,Default_Network_Universal,Default_Network_Extension_Universal,to-data-FW-CONN,,false,,,,false,false,false,true,,,,,,,12345,1,,,2103,,,,,239.1.1.173,false
SoAZ-PHX,NA,ADOT-SAN-Subnet-WAN-routed,30008,Default_Network_Universal,Default_Network_Extension_Universal,ADOT-SAN-Subnet-WAN-routed,,false,,,,false,false,false,true,,,,,,,12345,1,,,251,,,,,239.1.1.0,false
SoAZ-PHX,NA,dt-enforcement-FW-CONN,30097,Default_Network_Universal,Default_Network_Extension_Universal,dt-enforcement-FW-CONN,,false,,,,false,false,false,true,,,,,,,12345,1,,,157,,,,,239.1.1.175,false
SoAZ-PHX,NA,LD-1669-ADMIN,30086,Default_Network_Universal,Default_Network_Extension_Universal,LD-1669-ADMIN,,false,,,,false,false,false,true,,,,,,,12345,1,,,1669,,,,,239.1.1.176,false
SoAZ-PHX,NA,dt-itgtech-156,30096,Default_Network_Universal,Default_Network_Extension_Universal,dt-itgtech-156,,false,,,,false,false,false,true,,,,,,,12345,1,,,156,,,,,239.1.1.177,false
SoAZ-PHX,NA,ADOT-Dev-Isolation,30016,Default_Network_Universal,Default_Network_Extension_Universal,ADOT-Dev-Isolation,,false,,,,false,false,false,true,,,,,,,12345,1,,,404,,,,,239.1.1.0,false
SoAZ-PHX,NA,dt-memorex3-FW-CONN,30104,Default_Network_Universal,Default_Network_Extension_Universal,dt-memorex3-FW-CONN,,false,,,,false,false,false,true,,,,,,,12345,1,,,1729,,,,,239.1.1.179,false
SoAZ-PHX,NA,ADE-ADE-Network-Equipment,30750,Default_Network_Universal,Default_Network_Extension_Universal,ADE-ADE-Network-Equipment,,false,,,,false,false,true,true,,,,,,,12345,1,,,750,,ADE-ADE-Network-Equipment,,,239.1.1.0,false
SoAZ-PHX,NA,HRIS-PRD-DB,30031,Default_Network_Universal,Default_Network_Extension_Universal,HRIS-PRD-DB,,false,,,,false,false,false,true,,,,,,,12345,1,,,300,,,,,239.1.1.0,false
SoAZ-PHX,NA,DMZ-ROC,30121,Default_Network_Universal,Default_Network_Extension_Universal,DMZ-ROC,,false,,,,false,false,false,true,,,,,,,12345,1,,,511,,,,,239.1.1.182,false
SoAZ-PHX,NA,ADOT-dt-itgtech-1727,30102,Default_Network_Universal,Default_Network_Extension_Universal,ADOT-dt-itgtech-1727,,false,,,,false,false,false,true,,,,,,,12345,1,,,1727,,,,,239.1.1.183,false
SoAZ-PHX,NA,ed-data-pci-FW,30156,Default_Network_Universal,Default_Network_Extension_Universal,ed-data-pci-FW,,false,,,,false,false,false,true,,,,,,,12345,1,,,2121,,,,,239.1.1.184,false
SoAZ-PHX,NA,az-mgmt-1599,30080,Default_Network_Universal,Default_Network_Extension_Universal,az-mgmt-1599,,false,,,,false,false,false,true,,,,,,,12345,1,,,1599,,,,,239.1.1.185,false
SoAZ-PHX,NA,az-data-TO-FW-CONN,30083,Default_Network_Universal,Default_Network_Extension_Universal,az-data-TO-FW-CONN,,false,,,,false,false,false,true,,,,,,,12345,1,,,2105,,,,,239.1.1.186,false
SoAZ-PHX,NA,MGMT-NETWORK,30076,Default_Network_Universal,Default_Network_Extension_Universal,MGMT-NETWORK,,false,,,,false,false,false,true,,,,,,,12345,1,,,3963,,,,,239.1.1.187,false
SoAZ-PHX,NA,DMZ-LAND-DEV,30137,Default_Network_Universal,Default_Network_Extension_Universal,DMZ-LAND-DEV,,false,,,,false,false,false,true,,,,,,,12345,1,,,527,,,,,239.1.1.188,false
SoAZ-PHX,NA,NCS2006-L2,30078,Default_Network_Universal,Default_Network_Extension_Universal,NCS2006-L2,,false,,,,false,false,false,true,,,,,,,12345,1,,,99,,,,,239.1.1.189,false
SoAZ-PHX,NA,ev-data-1663,30043,Default_Network_Universal,Default_Network_Extension_Universal,ev-data-1663,,false,,,,false,false,false,true,,,,,,,12345,1,,,1663,,,,,239.1.1.0,false
SoAZ-PHX,NA,RT-az-data-FW-CONN,30158,Default_Network_Universal,Default_Network_Extension_Universal,RT-az-data-FW-CONN,,false,,,,false,false,false,true,,,,,,,12345,1,,,2107,,,,,239.1.1.191,false
SoAZ-PHX,NA,DMZ-LAND-APP,30135,Default_Network_Universal,Default_Network_Extension_Universal,DMZ-LAND-APP,,false,,,,false,false,false,true,,,,,,,12345,1,,,525,,,,,239.1.1.192,false
SoAZ-PHX,NA,ADOT-Dev-Databases,30013,Default_Network_Universal,Default_Network_Extension_Universal,ADOT-Dev-Databases,,false,,,,false,false,false,true,,,,,,,12345,1,,,401,,,,,239.1.1.0,false
SoAZ-PHX,NA,ADOT-dt-enforcement-Spillman,30018,Default_Network_Universal,Default_Network_Extension_Universal,ADOT-dt-enforcement-Spillman,,false,,,,false,false,false,true,,,,,,,12345,1,,,1639,,,,,239.1.1.0,false
SoAZ-PHX,NA,to-data-w-FW-CONN,30085,Default_Network_Universal,Default_Network_Extension_Universal,to-data-w-FW-CONN,,false,,,,false,false,false,true,,,,,,,12345,1,,,2104,,,,,239.1.1.195,false
SoAZ-PHX,NA,ADOT-Link-to-C7000-module-A,30003,Default_Network_Universal,Default_Network_Extension_Universal,ADOT-Link-to-C7000-module-A,,false,,,,false,false,false,true,,,,,,,12345,1,,,202,,,,,239.1.1.0,false
SoAZ-PHX,NA,az-data-FW-CONN,30110,Default_Network_Universal,Default_Network_Extension_Universal,az-data-FW-CONN,,false,,,,false,false,false,true,,,,,,,12345,1,,,2078,,,,,239.1.1.197,false
SoAZ-PHX,NA,dt-itadvpn-FW-CONN,30025,Default_Network_Universal,Default_Network_Extension_Universal,dt-itadvpn-FW-CONN,,false,,,,false,false,false,true,,,,,,,12345,1,,,1646,,,,,239.1.1.0,false
SoAZ-PHX,NA,Treasury-az-data,30147,Default_Network_Universal,Default_Network_Extension_Universal,eo-data-w-FW-CONN,,false,,,,false,false,false,true,,,,,,,12345,1,,,2018,,,,,239.1.1.199,false
